AGE,SOCIOSTATUS,MEQ,BDI,VNTR,PER2,PER3A,PER3B,PER3C,CLOCK3111,CRY1,CRY2
1,4.0,29.810000000000002,14.0,AB,AG,CC,AG,TT,TC,CC,AG
1,3.0,46.79,2.0,AB,GG,CC,GG,TT,TT,CC,GG
1,3.0,58.11,9.0,AB,GG,CG,GG,TT,CC,GG,AG
1,4.0,35.47,34.0,AA,GG,CC,GG,TT,TT,CG,AG
1,4.0,43.96,13.0,AA,AG,CG,GG,GT,TC,GG,AA
1,3.0,52.45,12.0,BB,AG,CC,GG,TT,TC,CG,AA
1,3.0,43.96,12.0,AA,GG,CC,AG,TT,TT,CC,AG
1,2.0,66.6,22.0,AB,AG,CC,GG,TT,TC,GG,AA
1,3.0,46.79,7.0,AA,GG,CC,GG,GT,TT,CC,AG
1,3.0,58.11,12.0,AB,GG,CC,GG,TT,TC,GG,AG
1,3.0,26.98,3.0,AB,AG,CC,GG,TT,TT,CG,AG
1,3.0,43.96,4.0,AA,AG,CC,GG,TT,TT,CG,GG
1,4.0,29.810000000000002,1.0,AA,AG,CC,GG,TT,TC,CG,GG
1,3.0,58.11,3.0,AB,AA,CC,GG,TT,TC,CG,AG
1,4.0,60.94,14.0,AA,GG,CC,GG,TT,CC,CG,GG
1,2.0,35.47,25.0,AA,GG,CC,AG,GT,TT,GG,AG
1,3.0,49.620000000000005,5.0,AA,AA,CC,AG,TT,TT,GG,AG
1,3.0,38.3,18.0,BB,AG,CC,GG,TT,TT,CC,GG
1,3.0,29.810000000000002,16.0,AB,AG,CC,GG,TT,TC,GG,AG
1,2.0,38.3,12.0,AB,GG,CC,AG,TT,TC,GG,AG
1,4.0,60.94,24.0,AA,AG,CC,GG,TT,TT,CG,AG
1,3.0,41.13,7.0,AB,AG,CC,GG,TT,TT,CC,AG
1,4.0,38.3,3.0,BB,AG,CC,GG,TT,TC,CC,AG
1,3.0,60.94,14.0,AB,GG,CC,GG,TT,TC,CG,AG
1,2.0,41.13,15.0,AB,AG,CC,GG,TT,TT,CC,AG
1,3.0,46.79,25.0,AA,GG,CC,GG,TT,TT,CG,AG
1,4.0,60.94,11.0,AB,AG,CC,GG,TT,TT,CG,AG
1,3.0,35.47,3.0,AA,GG,CC,GG,GT,TT,CG,AG
1,2.0,43.96,9.0,AB,GG,CC,GG,GT,TC,CG,AG
1,4.0,43.96,7.0,AB,AG,CC,GG,GT,CC,CC,AA
1,4.0,41.13,8.0,AB,GG,CC,GG,TT,TC,GG,GG
1,4.0,43.96,2.0,AB,GG,CC,GG,GT,TC,GG,AG
1,3.0,58.11,28.0,AB,AG,CC,GG,TT,TC,CC,AG
1,4.0,43.96,8.0,AB,GG,CC,GG,TT,TT,CG,AA
1,3.0,38.3,3.0,AB,GG,CC,GG,TT,TT,CC,AA
0,3.0,52.45,7.0,AB,AG,CC,GG,TT,TT,GG,AA
1,2.0,43.96,3.0,AB,AG,CC,GG,TT,TT,CG,GG
1,4.0,43.96,10.0,AB,GG,CC,AG,TT,TC,GG,AG
1,3.0,29.810000000000002,2.0,BB,AG,CC,GG,TT,TC,CG,AG
1,4.0,55.28,5.0,BB,GG,CC,GG,TT,TC,CG,GG
1,3.0,38.3,16.0,AB,GG,CC,GG,TT,TC,CG,GG
1,4.0,49.620000000000005,8.0,AA,AG,CC,GG,TT,TC,CG,AG
1,3.0,10.0,11.0,BB,AG,CC,GG,TT,TT,CG,AA
1,2.0,66.6,10.0,AA,AG,CC,GG,TT,TT,CG,AG
1,3.0,58.11,8.0,BB,AG,CC,GG,TT,TC,GG,AG
1,4.0,55.28,1.0,AA,AG,CC,GG,GT,CC,CG,GG
1,3.0,66.6,24.0,AB,AG,CC,GG,TT,TC,CC,AG
1,4.0,66.6,2.0,AB,AG,CG,GG,TT,TC,GG,GG
1,3.0,43.96,4.0,AA,AG,CC,GG,TT,TT,GG,AA
1,3.0,63.77,18.0,AA,AA,CC,GG,GT,TT,CC,AG
1,4.0,46.79,14.0,AA,AG,CC,GG,GT,CC,CG,AG
1,4.0,41.13,6.0,AA,GG,CG,GG,TT,TC,CG,GG
1,2.0,46.79,19.0,BB,AA,CC,GG,TT,TT,GG,AG
1,3.0,60.94,3.0,AA,GG,CC,AG,TT,TC,CG,AA
1,3.0,38.3,8.0,AA,AG,CG,GG,TT,TC,CG,GG
1,4.0,49.620000000000005,23.0,AB,AG,CC,GG,TT,CC,GG,AG
1,2.0,63.77,14.0,AA,GG,CC,GG,TT,TT,CG,GG
0,3.0,58.11,1.0,AB,AG,CC,GG,GG,TC,CG,AG
0,3.0,46.79,1.0,AA,AG,CC,GG,GT,TC,GG,GG
0,3.0,60.94,18.0,AA,AA,CC,AG,GT,TC,CG,GG
1,4.0,60.94,6.0,AB,AA,CC,GG,GT,TT,CG,AG
0,3.0,52.45,1.0,AB,AG,CC,GG,GG,TT,CG,AG
0,2.0,69.43,7.0,AA,AG,CC,GG,GT,TT,CG,GG
0,3.0,69.43,15.0,AB,AA,CC,GG,GT,TT,CC,AG
1,2.0,55.28,9.0,AA,AG,CC,GG,GT,TT,CG,AA
1,3.0,29.810000000000002,39.0,AB,AG,CC,GG,GG,TC,GG,AG
1,3.0,32.64,12.0,AA,AG,GG,GG,GG,TT,CG,AA
1,2.0,49.620000000000005,19.0,AA,AG,CC,GG,GG,TT,GG,AG
0,2.0,46.79,29.0,AA,GG,CC,AG,GG,TT,GG,AA
1,3.0,35.47,10.0,AA,GG,CC,GG,GG,TT,CC,GG
1,4.0,72.26,3.0,AB,AG,CC,GG,GG,TT,GG,AG
1,4.0,43.96,27.0,BB,AG,CC,GG,GG,TT,CG,GG
1,3.0,49.620000000000005,8.0,AA,AG,CC,GG,GT,TT,CG,AA
1,3.0,46.79,29.0,AA,AG,CG,GG,GT,CC,CG,AA
1,4.0,38.3,15.0,BB,AA,CC,GG,GT,TT,CG,AG
1,2.0,58.11,23.0,AA,AG,CC,GG,GT,TT,CG,AG
1,3.0,52.45,5.0,AB,AG,CC,GG,GG,TT,GG,AG
1,2.0,29.810000000000002,24.0,BB,AA,CC,GG,GT,TC,CC,AG
1,3.0,46.79,16.0,AA,GG,CC,GG,GG,TT,GG,AG
1,3.0,46.79,13.0,AB,AA,CC,GG,GT,TC,CC,AG
1,3.0,52.45,7.0,AB,AG,CC,GG,GT,TC,CG,AA
1,3.0,38.3,9.0,AA,AA,CG,GG,GG,TT,GG,AA
1,1.0,46.79,14.0,BB,GG,CG,GG,GG,TT,GG,AG
1,3.0,52.45,15.0,AA,AG,CC,GG,GG,TT,CG,GG
1,3.0,38.3,16.0,AA,AA,CC,GG,GT,CC,CG,AG
1,3.0,49.620000000000005,4.0,BB,AG,CC,GG,GG,TT,GG,AG
1,3.0,38.3,1.0,BB,AA,CC,AG,GG,TT,GG,AA
1,3.0,55.28,18.0,BB,AA,CC,GG,GG,TC,GG,AA
1,3.0,41.13,23.0,AA,GG,CC,GG,GT,TT,GG,AG
1,4.0,35.47,5.0,AA,GG,CC,GG,GG,TT,CC,GG
1,3.0,41.13,17.0,AA,AA,CC,GG,GT,TC,GG,AA
1,2.0,43.96,30.0,AA,GG,CC,AG,TT,TT,CG,AG
1,3.0,43.96,9.0,AB,GG,CC,AG,GG,TC,CG,AG
1,2.0,55.28,2.0,AB,AG,CC,GG,GG,CC,CC,AG
1,4.0,55.28,9.0,AA,AG,CC,AG,GG,TT,CC,AA
1,4.0,41.13,5.0,AA,AA,CC,GG,GT,TC,GG,GG
1,3.0,29.810000000000002,26.0,AB,GG,CC,GG,GG,TT,CC,GG
1,3.0,55.28,1.0,AA,AG,CC,AG,GT,TT,GG,GG
1,4.0,43.96,7.0,AA,AG,CC,AA,TT,TC,GG,GG
1,4.0,43.96,8.0,AA,GG,CC,AG,GT,TT,GG,AG
1,3.0,43.96,7.0,AA,AG,CG,GG,GG,TT,CC,AG
1,2.0,58.11,27.0,AB,AG,CC,GG,GG,TC,CG,AG
1,4.0,35.47,12.0,AB,AA,CC,GG,GG,TT,GG,AG
1,3.0,52.45,6.0,BB,AG,CC,GG,GG,TT,CG,GG
1,3.0,43.96,13.0,AB,AG,CC,GG,GG,TT,GG,AG
1,3.0,52.45,2.0,AB,AA,CC,GG,GG,CC,GG,GG
1,4.0,55.28,5.0,AA,AA,CC,GG,GG,TC,CC,AA
1,2.0,38.3,10.0,AB,GG,CC,GG,GG,TC,CC,AA
1,3.0,46.79,5.0,AA,GG,CC,GG,GG,TT,GG,AA
1,4.0,41.13,8.0,AA,AA,CC,GG,GG,CC,GG,AA
1,3.0,49.620000000000005,17.0,AA,GG,CG,GG,GT,CC,CC,AG
1,4.0,44.0,6.0,AA,GG,CC,GG,GT,CC,CC,AG
1,4.0,37.0,31.0,AB,GG,CC,GG,TT,TC,CG,GG
1,1.0,36.0,22.0,AB,GG,CC,GG,TT,TC,CG,AG
1,2.0,43.0,26.0,AA,GG,CC,GG,TT,TT,GG,AA
1,3.0,43.0,5.0,AB,AG,CC,GG,TT,TT,CG,GG
1,3.0,47.0,9.0,AB,AG,CC,GG,GT,CC,CG,AG
1,3.0,41.0,14.0,AA,AG,CC,AG,TT,TT,GG,GG
1,4.0,48.0,12.0,AB,AG,CC,GG,TT,TT,CG,AG
1,4.0,48.0,8.0,AB,AG,CC,GG,TT,TT,CC,AA
1,4.0,47.0,5.0,AB,AG,CG,GG,TT,TT,GG,AA
1,3.0,34.0,19.0,AA,GG,CC,GG,GT,TT,CG,AG
1,2.0,43.0,11.0,AB,GG,CC,AG,TT,TT,CC,AA
1,4.0,35.0,10.0,AB,GG,CC,GG,TT,TC,CG,AG
1,3.0,51.0,10.0,AB,AG,CC,GG,TT,TT,CG,AA
1,4.0,52.0,20.0,AB,AG,CC,GG,TT,TT,CC,AG
1,3.0,44.0,14.0,AA,AG,CC,GG,GT,TT,CC,AG
1,3.0,39.0,8.0,AA,AG,CC,GG,TT,TT,GG,AA
1,3.0,42.0,2.0,AA,AA,CC,GG,TT,TT,GG,AG
1,3.0,45.0,6.0,AA,AG,CC,GG,TT,TC,CC,AA
1,3.0,46.0,14.0,AA,AG,CC,GG,TT,TC,CG,AA
1,3.0,56.0,32.0,AA,AA,CG,GG,GT,TT,CG,AG
1,3.0,50.0,20.0,AB,GG,CC,GG,TT,CC,CG,AG
1,3.0,49.0,24.0,AB,GG,CC,GG,TT,TT,CC,AG
1,3.0,59.0,12.0,AB,AG,CC,GG,TT,TC,GG,AG
1,4.0,43.0,7.0,AB,AG,CC,GG,GT,TC,CG,AG
1,3.0,58.0,14.0,AB,AG,CC,GG,TT,TC,CG,AA
1,4.0,57.0,8.0,AA,GG,CG,GG,TT,TT,CG,AG
1,4.0,46.0,22.0,AA,GG,CG,AG,TT,TT,CG,AG
1,4.0,51.0,11.0,AB,GG,CC,GG,GT,TT,CG,AG
1,3.0,51.0,22.0,AB,GG,CC,AG,TT,TT,CC,AA
1,3.0,43.0,4.0,AB,GG,CC,GG,TT,TC,GG,GG
1,3.0,46.0,14.0,AB,GG,CC,GG,TT,TC,CG,AA
1,3.0,62.0,20.0,AB,GG,CC,GG,TT,TT,CG,AG
1,4.0,41.0,11.0,AB,AG,CC,GG,TT,TT,CG,AG
1,4.0,44.0,13.0,AA,GG,CG,GG,GT,TC,CG,AG
1,4.0,63.0,16.0,AB,AG,CC,GG,GT,CC,CG,GG
1,3.0,36.0,16.0,AB,AA,CC,GG,TT,TT,CG,AG
1,3.0,41.0,9.0,AB,GG,CC,GG,GT,TT,CG,GG
1,2.0,61.0,22.0,AB,AG,CC,GG,TT,TC,GG,GG
1,3.0,30.0,16.0,AB,AA,CC,AG,TT,TT,CC,AG
1,4.0,30.0,10.0,AA,AG,CG,AG,TT,TC,GG,AA
1,3.0,45.0,9.0,AA,AA,CC,GG,TT,TC,GG,AA
1,4.0,42.0,8.0,AB,AG,CC,AG,TT,TC,CG,AA
1,3.0,40.0,21.0,AB,AG,CC,GG,TT,TC,GG,GG
1,3.0,46.0,9.0,AA,GG,CC,GG,TT,TT,GG,AA
1,3.0,44.0,23.0,AB,GG,CC,GG,GT,TC,GG,AG
1,3.0,46.0,18.0,AB,GG,CC,GG,TT,TT,CC,AA
1,3.0,37.0,7.0,AA,AA,CC,GG,GT,TT,CC,AG
1,4.0,36.0,11.0,AA,GG,CC,GG,TT,TC,CG,GG
1,4.0,36.0,22.0,AB,AA,CC,GG,TT,TT,GG,AA
1,4.0,45.0,14.0,AB,AA,CC,GG,TT,TT,CC,GG
1,3.0,44.0,13.0,AA,AA,CC,GG,TT,TT,CG,AA
1,3.0,45.0,7.0,AA,GG,CC,GG,TT,TT,CG,GG
1,3.0,40.0,11.0,AA,GG,CG,GG,TT,TT,GG,AA
1,3.0,52.0,5.0,AB,AG,CC,GG,GT,TC,CG,AA
1,4.0,45.0,21.0,AB,AG,CG,GG,TT,TC,CC,GG
1,4.0,44.0,9.0,AA,AA,CC,GG,GG,TC,CC,AG
1,2.0,53.0,29.0,AA,AG,CC,GG,TT,TT,CG,AA
1,3.0,42.0,19.0,AA,AA,CC,AG,TT,TT,CG,AA
1,4.0,40.0,27.0,AB,AG,CC,GG,TT,TT,CC,AA
1,2.0,37.0,11.0,AA,AG,CG,GG,GT,TT,CG,AG
1,3.0,51.0,8.0,AA,GG,CG,GG,TT,TT,CG,AG
1,3.0,50.0,7.0,AA,GG,CC,GG,GT,TT,CG,GG
1,4.0,49.0,6.0,AA,GG,CG,GG,GT,TC,GG,GG
1,4.0,56.0,6.0,AB,AG,CC,GG,TT,CC,CG,AA
1,3.0,54.0,12.0,AA,AG,CG,GG,GT,CC,CG,GG
